latitude,longitude,cdatetime,address,district,beat,grid,crimedescr,ucr_ncic_code
38.55042047,-121.3914158,1/1/06 0:00,3108 OCCIDENTAL DR,3,3C        ,1115,10851(A)VC TAKE VEH W/O OWNER,2404
38.47350069,-121.4901858,1/1/06 0:00,2082 EXPEDITION WAY,5,5A        ,1512,459 PC  BURGLARY RESIDENCE,2204
38.65784584,-121.4621009,1/1/06 0:00,4 PALEN CT,2,2A        ,212,10851(A)VC TAKE VEH W/O OWNER,2404
38.50677377,-121.4269508,1/1/06 0:00,22 BECKFORD CT,6,6C        ,1443,476 PC PASS FICTICIOUS CHECK,2501
38.6374478,-121.3846125,1/1/06 0:00,3421 AUBURN BLVD,2,2A        ,508,459 PC  BURGLARY-UNSPECIFIED,2299
38.52697863,-121.4513383,1/1/06 0:00,5301 BONNIEMAE WAY,6,6B        ,1084,530.5 PC USE PERSONAL ID INFO,2604
38.537173,-121.4875774,1/1/06 0:00,2217 16TH AVE,4,4A        ,957,459 PC  BURGLARY VEHICLE,2299
38.56433456,-121.4618826,1/1/06 0:00,3547 P ST,3,3C        ,853,484 PC   PETTY THEFT/INSIDE,2308
38.6374478,-121.3846125,1/1/06 0:00,3421 AUBURN BLVD,2,2A        ,508,459 PC  BURGLARY BUSINESS,2203
38.60960217,-121.4918375,1/1/06 0:00,1326 HELMSMAN WAY,1,1B        ,444,1708 US   THEFT OF MAIL,2310
38.55426406,-121.4546045,1/1/06 0:00,2315 STOCKTON BLVD,6,6B        ,1005,ASSAULT WITH WEAPON - I RPT,7000
38.52816497,-121.4314528,1/1/06 0:00,5112 63RD ST,6,6B        ,1088,530.5 PC USE PERSONAL ID INFO,2604
38.51092155,-121.5488201,1/1/06 0:00,6351 DRIFTWOOD ST,4,4C        ,1261,SUSP PERS-NO CRIME - I RPT,7000
38.55611545,-121.4142729,1/1/06 0:00,7721 COLLEGE TOWN DR,3,3C        ,888,530.5 PC USE PERSONAL ID INFO,2604
38.50398051,-121.3923987,1/1/06 0:00,8460 ROVANA CIR,6,6C        ,1447,484G(B) PC ACCESS CARD FRAUD,2605
38.54152896,-121.4495097,1/1/06 0:00,4856 11TH AVE,6,6B        ,1054,487(A) PC GRAND THEFT,2303
38.51657327,-121.4234749,1/1/06 0:00,6033 69TH ST,6,6C        ,1403,TELEPEST -I RPT,7000
38.58184562,-121.5011657,1/1/06 0:00,547 L ST,3,3M        ,742,487(A) GRAND THEFT-INSIDE,2308
38.54270763,-121.4572067,1/1/06 0:00,3525 42ND ST,6,6A        ,1034,530.5 PC USE PERSONAL ID INFO,2604
38.52459987,-121.5203609,1/1/06 0:00,5641 DORSET WAY,4,4C        ,1225,484J PC PUBLISH CARD INFO,2605
38.44659211,-121.4423777,1/1/06 0:01,5551 REXLEIGH CT,5,5C        ,1661,459 PC  BURGLARY VEHICLE,2299
38.59664183,-121.423349,1/1/06 0:01,1896 ARDEN WAY,2,2C        ,628,484G(B) PC ACCESS CARD FRAUD,2605
38.51512387,-121.5291027,1/1/06 0:01,6168 RIVERSIDE BLVD,4,4C        ,1251,484 PC PETTY THEFT,2399
38.65660112,-121.4560449,1/1/06 0:01,415 SEXTANT WAY,2,2A        ,213,459 PC  BURGLARY VEHICLE,2299
38.44281523,-121.4095243,1/1/06 0:01,15 BASIN CT,5,5C        ,1654,TRAFFIC - I RPT,7000
38.5438039,-121.4332827,1/1/06 0:01,3340 62ND ST,6,6B        ,1047,594(B)(1)PC  VANDALISM +$400,2999
38.47121906,-121.4547389,1/1/06 0:01,4280 DEER HILL DR,5,5B        ,1616,484G(B) PC ACCESS CARD FRAUD,2605
38.5564521,-121.5123309,1/1/06 0:01,2814 5TH ST,4,4A        ,923,484 PC  PETTY THEFT/ OUTSIDE,2309
38.49535335,-121.4965602,1/1/06 0:01,1816 FLORIN RD,5,5A        ,1361,HARASSMENT - I RPT,7000
38.64717373,-121.4375169,1/1/06 0:01,1260 BELL AVE,2,2A        ,235,484 PC PETTY THEFT,2399
38.47889498,-121.5354477,1/1/06 0:01,7676 BRIDGEVIEW DR,4,4C        ,1294,LOST PROPERTY - I RPT,7000
38.63734742,-121.444642,1/1/06 0:01,3816 CYPRESS ST,2,2A        ,503,459 PC  BURGLARY RESIDENCE,2204
38.57289613,-121.4767958,1/1/06 0:01,1211 23RD ST,3,3B        ,747,484G(A)PC USE FORGED CARD,2605
38.51436734,-121.3854286,1/1/06 0:01,7001 EAST PKWY,6,6C        ,1427,503 PC   EMBEZZLEMENT,2799
38.47948616,-121.5215057,1/1/06 0:01,918 LAKE FRONT DR,4,4C        ,1294,TELEPEST -I RPT,7000
38.65994218,-121.5259008,1/1/06 0:01,4851 KOKOMO DR,1,1A        ,123,487(A) GRAND THEFT-INSIDE,2308
38.60893745,-121.5187927,1/1/06 0:01,2377 OAK HARBOUR DR,1,1B        ,440,653M(A) PC OBSCENE/THREAT CALL,5309
38.57084621,-121.484429,1/1/06 0:01,1823 P ST,3,3B        ,766,484 PETTY THEFT/LICENSE PLATE,2399
38.57815667,-121.4876958,1/1/06 0:01,1100 14TH ST,3,3M        ,745,FOUND PROPERTY - I RPT,7000
38.64378844,-121.5341593,1/1/06 0:01,3301 ARENA BLVD,1,1A        ,303,530.5 PC USE PERSONAL ID INFO,2604
38.62798948,-121.4857344,1/1/06 0:01,1088 PREGO WAY,1,1B        ,404,530.5 PC USE PERSONAL ID INFO,2604
38.61153542,-121.5370613,1/1/06 0:01,3259 SPINNING ROD WAY,1,1B        ,475,484J PC PUBLISH CARD INFO,2605
38.57999251,-121.4930384,1/1/06 0:01,1010 J ST,3,3M        ,744,THREATS - I RPT,7000
38.59540732,-121.4978798,1/1/06 0:01,400 BANNON ST,3,3A        ,704,530 PC FALSE PERS. REC PROP,2604
38.51526387,-121.4296507,1/1/06 0:10,6115 63RD ST,6,6B        ,1421,246 PC SHOOT OCCUP DWELL/VEH,5213
38.65737252,-121.4577585,1/1/06 0:15,47 FIRE LEAF CT,2,2A        ,212,10851(A)VC TAKE VEH W/O OWNER,2404
38.52799185,-121.434789,1/1/06 0:18,5140 61ST ST,6,6B        ,1087,SHOOT INTO OCCUP DWELL - I RPT,7000
38.56796664,-121.4852542,1/1/06 0:19,1814 19TH ST,3,3A        ,776,FOUND PROPERTY - I RPT,7000
,,,,,,,,
,,,,,,,,
,,,,,,,,
,,,,,,,,
,,,,,,,,
,,,,,,,,
,,,,,,,,
,,,,,,,,
,,,,,,,,
,,,,,,,,
,,,,,,,,
,,,,,,,,
,,,,,,,,
,,,,,,,,
,,,,,,,,
,,,,,,,,
,,,,,,,,
,,,,,,,,
,,,,,,,,
,,,,,,,,
,,,,,,,,
,,,,,,,,
,,,,,,,,
,,,,,,,,
,,,,,,,,
,,,,,,,,
,,,,,,,,
,,,,,,,,
,,,,,,,,
,,,,,,,,
,,,,,,,,
,,,,,,,,
,,,,,,,,
,,,,,,,,
,,,,,,,,
,,,,,,,,
,,,,,,,,
,,,,,,,,
,,,,,,,,
,,,,,,,,
,,,,,,,,
,,,,,,,,
,,,,,,,,
,,,,,,,,
,,,,,,,,
,,,,,,,,
,,,,,,,,
,,,,,,,,
,,,,,,,,
,,,,,,,,
,,,,,,,,
,,,,,,,,
,,,,,,,,
,,,,,,,,
,,,,,,,,
,,,,,,,,
,,,,,,,,
,,,,,,,,
,,,,,,,,
,,,,,,,,
,,,,,,,,
,,,,,,,,
,,,,,,,,
,,,,,,,,
,,,,,,,,
,,,,,,,,
,,,,,,,,
,,,,,,,,
,,,,,,,,
,,,,,,,,
,,,,,,,,
,,,,,,,,
,,,,,,,,
,,,,,,,,
,,,,,,,,
,,,,,,,,
,,,,,,,,
,,,,,,,,
,,,,,,,,
,,,,,,,,
,,,,,,,,
,,,,,,,,
,,,,,,,,
,,,,,,,,
,,,,,,,,
,,,,,,,,
,,,,,,,,
,,,,,,,,
,,,,,,,,
,,,,,,,,
,,,,,,,,
,,,,,,,,
,,,,,,,,
,,,,,,,,
,,,,,,,,
,,,,,,,,
,,,,,,,,
,,,,,,,,
,,,,,,,,
,,,,,,,,
,,,,,,,,
,,,,,,,,
,,,,,,,,
,,,,,,,,
,,,,,,,,
,,,,,,,,
,,,,,,,,
,,,,,,,,
,,,,,,,,
,,,,,,,,
,,,,,,,,
,,,,,,,,
,,,,,,,,
,,,,,,,,
,,,,,,,,
,,,,,,,,
,,,,,,,,
,,,,,,,,
,,,,,,,,
,,,,,,,,
,,,,,,,,
,,,,,,,,
,,,,,,,,
,,,,,,,,
,,,,,,,,
,,,,,,,,
,,,,,,,,
,,,,,,,,
,,,,,,,,
,,,,,,,,
,,,,,,,,
,,,,,,,,
,,,,,,,,
,,,,,,,,
,,,,,,,,
,,,,,,,,
,,,,,,,,
,,,,,,,,
,,,,,,,,
,,,,,,,,
,,,,,,,,
,,,,,,,,
,,,,,,,,
,,,,,,,,
,,,,,,,,
,,,,,,,,
,,,,,,,,
,,,,,,,,
,,,,,,,,
,,,,,,,,
,,,,,,,,
,,,,,,,,
,,,,,,,,
,,,,,,,,
,,,,,,,,
,,,,,,,,
,,,,,,,,
,,,,,,,,
,,,,,,,,
,,,,,,,,
,,,,,,,,
,,,,,,,,
,,,,,,,,
,,,,,,,,
,,,,,,,,
,,,,,,,,
,,,,,,,,
,,,,,,,,
,,,,,,,,
,,,,,,,,
,,,,,,,,
,,,,,,,,
,,,,,,,,
,,,,,,,,
,,,,,,,,
,,,,,,,,
,,,,,,,,
,,,,,,,,
,,,,,,,,
,,,,,,,,
,,,,,,,,
,,,,,,,,
,,,,,,,,
,,,,,,,,
,,,,,,,,
,,,,,,,,
,,,,,,,,
,,,,,,,,
,,,,,,,,
,,,,,,,,
,,,,,,,,
,,,,,,,,
,,,,,,,,
,,,,,,,,
,,,,,,,,
,,,,,,,,
,,,,,,,,
,,,,,,,,
,,,,,,,,
,,,,,,,,
,,,,,,,,
,,,,,,,,
,,,,,,,,
,,,,,,,,
,,,,,,,,
,,,,,,,,
,,,,,,,,
,,,,,,,,
,,,,,,,,
,,,,,,,,
,,,,,,,,
,,,,,,,,
,,,,,,,,
,,,,,,,,
,,,,,,,,
,,,,,,,,
,,,,,,,,
,,,,,,,,
,,,,,,,,
,,,,,,,,
,,,,,,,,
,,,,,,,,
,,,,,,,,
,,,,,,,,
,,,,,,,,
,,,,,,,,
,,,,,,,,
,,,,,,,,
,,,,,,,,
,,,,,,,,
,,,,,,,,
,,,,,,,,
,,,,,,,,
,,,,,,,,
,,,,,,,,
,,,,,,,,
,,,,,,,,
,,,,,,,,
,,,,,,,,
,,,,,,,,
,,,,,,,,
,,,,,,,,
,,,,,,,,
,,,,,,,,
,,,,,,,,
,,,,,,,,
,,,,,,,,
,,,,,,,,
,,,,,,,,
,,,,,,,,
,,,,,,,,
,,,,,,,,
,,,,,,,,
,,,,,,,,
,,,,,,,,
,,,,,,,,
,,,,,,,,
,,,,,,,,
,,,,,,,,
,,,,,,,,
,,,,,,,,
,,,,,,,,
,,,,,,,,
,,,,,,,,
,,,,,,,,
,,,,,,,,
,,,,,,,,
,,,,,,,,
,,,,,,,,
,,,,,,,,
,,,,,,,,
,,,,,,,,
,,,,,,,,
,,,,,,,,
,,,,,,,,
,,,,,,,,
,,,,,,,,
,,,,,,,,
,,,,,,,,
,,,,,,,,
,,,,,,,,
,,,,,,,,
,,,,,,,,
,,,,,,,,
,,,,,,,,
,,,,,,,,
,,,,,,,,
,,,,,,,,
,,,,,,,,
,,,,,,,,
,,,,,,,,
,,,,,,,,
,,,,,,,,
,,,,,,,,
,,,,,,,,
,,,,,,,,
,,,,,,,,
,,,,,,,,
,,,,,,,,
,,,,,,,,
,,,,,,,,
,,,,,,,,
,,,,,,,,
,,,,,,,,
,,,,,,,,
,,,,,,,,
,,,,,,,,
,,,,,,,,
,,,,,,,,
,,,,,,,,
,,,,,,,,
,,,,,,,,
,,,,,,,,
,,,,,,,,
,,,,,,,,
,,,,,,,,
,,,,,,,,
,,,,,,,,
,,,,,,,,
,,,,,,,,
,,,,,,,,
,,,,,,,,
,,,,,,,,
,,,,,,,,
,,,,,,,,
,,,,,,,,
,,,,,,,,
,,,,,,,,
,,,,,,,,
,,,,,,,,
,,,,,,,,
,,,,,,,,
,,,,,,,,
,,,,,,,,
,,,,,,,,
,,,,,,,,
,,,,,,,,
,,,,,,,,
,,,,,,,,
,,,,,,,,
,,,,,,,,
,,,,,,,,
,,,,,,,,
,,,,,,,,
,,,,,,,,
,,,,,,,,
,,,,,,,,
,,,,,,,,
,,,,,,,,
,,,,,,,,
,,,,,,,,
,,,,,,,,
,,,,,,,,
,,,,,,,,
,,,,,,,,
,,,,,,,,
,,,,,,,,
,,,,,,,,
,,,,,,,,
,,,,,,,,
,,,,,,,,
,,,,,,,,
,,,,,,,,
,,,,,,,,
,,,,,,,,
,,,,,,,,
,,,,,,,,
,,,,,,,,
,,,,,,,,
,,,,,,,,
,,,,,,,,
,,,,,,,,
,,,,,,,,
,,,,,,,,
,,,,,,,,
,,,,,,,,
,,,,,,,,
,,,,,,,,
,,,,,,,,
,,,,,,,,
,,,,,,,,
,,,,,,,,
,,,,,,,,
,,,,,,,,
,,,,,,,,
,,,,,,,,
,,,,,,,,
,,,,,,,,
,,,,,,,,
,,,,,,,,
,,,,,,,,
,,,,,,,,
,,,,,,,,
,,,,,,,,
,,,,,,,,
,,,,,,,,
,,,,,,,,
,,,,,,,,
,,,,,,,,
,,,,,,,,
,,,,,,,,
,,,,,,,,
,,,,,,,,
,,,,,,,,
,,,,,,,,
,,,,,,,,
,,,,,,,,
,,,,,,,,
,,,,,,,,
,,,,,,,,
,,,,,,,,
,,,,,,,,
,,,,,,,,
,,,,,,,,
,,,,,,,,
,,,,,,,,
,,,,,,,,
,,,,,,,,
,,,,,,,,
,,,,,,,,
,,,,,,,,
,,,,,,,,
,,,,,,,,
,,,,,,,,
,,,,,,,,
,,,,,,,,
,,,,,,,,
,,,,,,,,
,,,,,,,,
,,,,,,,,
,,,,,,,,
,,,,,,,,
,,,,,,,,
,,,,,,,,
,,,,,,,,
,,,,,,,,
,,,,,,,,
,,,,,,,,
,,,,,,,,
,,,,,,,,
,,,,,,,,
,,,,,,,,
,,,,,,,,
,,,,,,,,
,,,,,,,,
,,,,,,,,
,,,,,,,,
,,,,,,,,
,,,,,,,,
,,,,,,,,
,,,,,,,,
,,,,,,,,
,,,,,,,,
,,,,,,,,
,,,,,,,,
,,,,,,,,
,,,,,,,,
,,,,,,,,
,,,,,,,,
,,,,,,,,
,,,,,,,,
,,,,,,,,
,,,,,,,,
,,,,,,,,
,,,,,,,,
,,,,,,,,
,,,,,,,,
,,,,,,,,
,,,,,,,,
,,,,,,,,
,,,,,,,,
,,,,,,,,
,,,,,,,,
,,,,,,,,
,,,,,,,,
,,,,,,,,
,,,,,,,,
,,,,,,,,
,,,,,,,,
,,,,,,,,
,,,,,,,,
,,,,,,,,
,,,,,,,,
,,,,,,,,
,,,,,,,,
,,,,,,,,
,,,,,,,,
,,,,,,,,
,,,,,,,,
,,,,,,,,
,,,,,,,,
,,,,,,,,
,,,,,,,,
,,,,,,,,
,,,,,,,,
,,,,,,,,
,,,,,,,,
,,,,,,,,
,,,,,,,,
,,,,,,,,
,,,,,,,,
,,,,,,,,
,,,,,,,,
,,,,,,,,
,,,,,,,,
,,,,,,,,
,,,,,,,,
,,,,,,,,
,,,,,,,,
,,,,,,,,
,,,,,,,,
,,,,,,,,
,,,,,,,,
,,,,,,,,
,,,,,,,,
,,,,,,,,
,,,,,,,,
,,,,,,,,
,,,,,,,,
,,,,,,,,
,,,,,,,,
,,,,,,,,
,,,,,,,,
,,,,,,,,
,,,,,,,,
,,,,,,,,
,,,,,,,,
,,,,,,,,
,,,,,,,,
,,,,,,,,
,,,,,,,,
,,,,,,,,
,,,,,,,,
,,,,,,,,
,,,,,,,,
,,,,,,,,
,,,,,,,,
,,,,,,,,
,,,,,,,,
,,,,,,,,
,,,,,,,,
,,,,,,,,
,,,,,,,,
,,,,,,,,
,,,,,,,,
,,,,,,,,
,,,,,,,,
,,,,,,,,
,,,,,,,,
,,,,,,,,
,,,,,,,,
,,,,,,,,
,,,,,,,,
,,,,,,,,
,,,,,,,,
,,,,,,,,
,,,,,,,,
,,,,,,,,
,,,,,,,,
,,,,,,,,
,,,,,,,,
,,,,,,,,
,,,,,,,,
,,,,,,,,
,,,,,,,,
,,,,,,,,
,,,,,,,,
,,,,,,,,
,,,,,,,,
,,,,,,,,
,,,,,,,,
,,,,,,,,
,,,,,,,,
,,,,,,,,
,,,,,,,,
,,,,,,,,
,,,,,,,,
,,,,,,,,
,,,,,,,,
,,,,,,,,
,,,,,,,,
,,,,,,,,
,,,,,,,,
,,,,,,,,
,,,,,,,,
,,,,,,,,
,,,,,,,,
,,,,,,,,
,,,,,,,,
,,,,,,,,
,,,,,,,,
,,,,,,,,
,,,,,,,,
,,,,,,,,
,,,,,,,,
,,,,,,,,
,,,,,,,,
,,,,,,,,
,,,,,,,,
,,,,,,,,
,,,,,,,,
,,,,,,,,
,,,,,,,,
,,,,,,,,
,,,,,,,,
,,,,,,,,
,,,,,,,,
,,,,,,,,
,,,,,,,,
,,,,,,,,
,,,,,,,,
,,,,,,,,
,,,,,,,,
,,,,,,,,
,,,,,,,,
,,,,,,,,
,,,,,,,,
,,,,,,,,
,,,,,,,,
,,,,,,,,
,,,,,,,,
,,,,,,,,
,,,,,,,,
,,,,,,,,
,,,,,,,,
,,,,,,,,
,,,,,,,,
,,,,,,,,
,,,,,,,,
,,,,,,,,
,,,,,,,,
,,,,,,,,
,,,,,,,,
,,,,,,,,
,,,,,,,,
,,,,,,,,
,,,,,,,,
,,,,,,,,
,,,,,,,,
,,,,,,,,
,,,,,,,,
,,,,,,,,
,,,,,,,,
,,,,,,,,
,,,,,,,,
,,,,,,,,
,,,,,,,,
,,,,,,,,
,,,,,,,,
,,,,,,,,
,,,,,,,,
,,,,,,,,
,,,,,,,,
,,,,,,,,
,,,,,,,,
,,,,,,,,
,,,,,,,,
,,,,,,,,
,,,,,,,,
,,,,,,,,
,,,,,,,,
,,,,,,,,
,,,,,,,,
,,,,,,,,
,,,,,,,,
,,,,,,,,
,,,,,,,,
,,,,,,,,
,,,,,,,,
,,,,,,,,
,,,,,,,,
,,,,,,,,
,,,,,,,,
,,,,,,,,
,,,,,,,,
,,,,,,,,
,,,,,,,,
,,,,,,,,
,,,,,,,,
,,,,,,,,
,,,,,,,,
,,,,,,,,
,,,,,,,,
,,,,,,,,
,,,,,,,,
,,,,,,,,
,,,,,,,,
,,,,,,,,
,,,,,,,,
,,,,,,,,
,,,,,,,,
,,,,,,,,
,,,,,,,,
,,,,,,,,
,,,,,,,,
,,,,,,,,
,,,,,,,,
,,,,,,,,
,,,,,,,,
,,,,,,,,
,,,,,,,,
,,,,,,,,
,,,,,,,,
,,,,,,,,
,,,,,,,,
,,,,,,,,
,,,,,,,,
,,,,,,,,
,,,,,,,,
,,,,,,,,
,,,,,,,,
,,,,,,,,
,,,,,,,,
,,,,,,,,
,,,,,,,,
,,,,,,,,
,,,,,,,,
,,,,,,,,
,,,,,,,,
,,,,,,,,
,,,,,,,,
,,,,,,,,
,,,,,,,,
,,,,,,,,
,,,,,,,,
,,,,,,,,
,,,,,,,,
,,,,,,,,
,,,,,,,,
,,,,,,,,
,,,,,,,,
,,,,,,,,
,,,,,,,,
,,,,,,,,
,,,,,,,,
,,,,,,,,
,,,,,,,,
,,,,,,,,
,,,,,,,,
,,,,,,,,
,,,,,,,,
,,,,,,,,
,,,,,,,,
,,,,,,,,
,,,,,,,,
,,,,,,,,
,,,,,,,,
,,,,,,,,
,,,,,,,,
,,,,,,,,
,,,,,,,,
,,,,,,,,
,,,,,,,,
,,,,,,,,
,,,,,,,,
,,,,,,,,
,,,,,,,,
,,,,,,,,
,,,,,,,,
,,,,,,,,
,,,,,,,,
,,,,,,,,
,,,,,,,,
,,,,,,,,
,,,,,,,,
,,,,,,,,
,,,,,,,,
,,,,,,,,
,,,,,,,,
,,,,,,,,
,,,,,,,,
,,,,,,,,
,,,,,,,,
,,,,,,,,
,,,,,,,,
,,,,,,,,
,,,,,,,,
,,,,,,,,
,,,,,,,,
,,,,,,,,
,,,,,,,,
,,,,,,,,
,,,,,,,,
,,,,,,,,
,,,,,,,,
,,,,,,,,
,,,,,,,,
,,,,,,,,
,,,,,,,,
,,,,,,,,
,,,,,,,,
,,,,,,,,
,,,,,,,,
,,,,,,,,
,,,,,,,,
,,,,,,,,
,,,,,,,,
,,,,,,,,
,,,,,,,,
,,,,,,,,
,,,,,,,,
,,,,,,,,
,,,,,,,,
,,,,,,,,
,,,,,,,,
,,,,,,,,
,,,,,,,,
,,,,,,,,
,,,,,,,,
,,,,,,,,
,,,,,,,,
,,,,,,,,
,,,,,,,,
,,,,,,,,
,,,,,,,,
,,,,,,,,
,,,,,,,,
,,,,,,,,
,,,,,,,,
,,,,,,,,
,,,,,,,,
,,,,,,,,
,,,,,,,,
,,,,,,,,
,,,,,,,,
,,,,,,,,
,,,,,,,,
,,,,,,,,
,,,,,,,,
,,,,,,,,
,,,,,,,,
,,,,,,,,
,,,,,,,,
,,,,,,,,
,,,,,,,,
,,,,,,,,
,,,,,,,,
,,,,,,,,
,,,,,,,,
,,,,,,,,
,,,,,,,,
,,,,,,,,
,,,,,,,,
,,,,,,,,
,,,,,,,,
,,,,,,,,
,,,,,,,,
,,,,,,,,
,,,,,,,,
,,,,,,,,
,,,,,,,,
,,,,,,,,
,,,,,,,,
,,,,,,,,
,,,,,,,,
,,,,,,,,
,,,,,,,,
,,,,,,,,
,,,,,,,,
,,,,,,,,
,,,,,,,,
,,,,,,,,
,,,,,,,,
,,,,,,,,
,,,,,,,,
,,,,,,,,
,,,,,,,,
,,,,,,,,
,,,,,,,,
,,,,,,,,
,,,,,,,,
,,,,,,,,
,,,,,,,,
,,,,,,,,
,,,,,,,,
,,,,,,,,
,,,,,,,,
,,,,,,,,
,,,,,,,,
,,,,,,,,
,,,,,,,,
,,,,,,,,
,,,,,,,,
,,,,,,,,
,,,,,,,,
,,,,,,,,
,,,,,,,,
,,,,,,,,
,,,,,,,,
,,,,,,,,
,,,,,,,,
,,,,,,,,
,,,,,,,,
,,,,,,,,
,,,,,,,,
,,,,,,,,
,,,,,,,,
,,,,,,,,
,,,,,,,,
,,,,,,,,
,,,,,,,,
,,,,,,,,
,,,,,,,,
,,,,,,,,
,,,,,,,,
,,,,,,,,
,,,,,,,,
,,,,,,,,
,,,,,,,,
,,,,,,,,
,,,,,,,,
,,,,,,,,
,,,,,,,,
,,,,,,,,
,,,,,,,,
,,,,,,,,
,,,,,,,,
,,,,,,,,
,,,,,,,,
,,,,,,,,
,,,,,,,,
,,,,,,,,
,,,,,,,,
,,,,,,,,
,,,,,,,,
,,,,,,,,
,,,,,,,,
,,,,,,,,
,,,,,,,,
,,,,,,,,
,,,,,,,,
,,,,,,,,
,,,,,,,,
,,,,,,,,
,,,,,,,,
,,,,,,,,
,,,,,,,,
,,,,,,,,
,,,,,,,,
,,,,,,,,
,,,,,,,,
,,,,,,,,
,,,,,,,,
,,,,,,,,
,,,,,,,,
,,,,,,,,
,,,,,,,,
,,,,,,,,
,,,,,,,,
,,,,,,,,
,,,,,,,,
,,,,,,,,
,,,,,,,,
,,,,,,,,
,,,,,,,,
,,,,,,,,
,,,,,,,,
,,,,,,,,
,,,,,,,,
,,,,,,,,
,,,,,,,,
,,,,,,,,
,,,,,,,,
,,,,,,,,
,,,,,,,,
,,,,,,,,
,,,,,,,,
,,,,,,,,
,,,,,,,,
,,,,,,,,
,,,,,,,,
,,,,,,,,
,,,,,,,,
,,,,,,,,
,,,,,,,,
,,,,,,,,
,,,,,,,,
,,,,,,,,
,,,,,,,,
,,,,,,,,
,,,,,,,,
,,,,,,,,
,,,,,,,,
,,,,,,,,
,,,,,,,,
,,,,,,,,
,,,,,,,,
,,,,,,,,
,,,,,,,,
,,,,,,,,
,,,,,,,,
,,,,,,,,
,,,,,,,,
,,,,,,,,
,,,,,,,,
,,,,,,,,
,,,,,,,,
,,,,,,,,
,,,,,,,,
,,,,,,,,
,,,,,,,,
,,,,,,,,
,,,,,,,,
,,,,,,,,
,,,,,,,,
,,,,,,,,
,,,,,,,,
,,,,,,,,
,,,,,,,,
,,,,,,,,
,,,,,,,,
,,,,,,,,
,,,,,,,,
,,,,,,,,
,,,,,,,,
,,,,,,,,
,,,,,,,,
,,,,,,,,
,,,,,,,,
,,,,,,,,
,,,,,,,,
,,,,,,,,
,,,,,,,,
,,,,,,,,
,,,,,,,,
,,,,,,,,
,,,,,,,,
,,,,,,,,
,,,,,,,,
,,,,,,,,
,,,,,,,,
,,,,,,,,
,,,,,,,,
,,,,,,,,
,,,,,,,,
,,,,,,,,
,,,,,,,,
,,,,,,,,
,,,,,,,,
,,,,,,,,
,,,,,,,,
,,,,,,,,
,,,,,,,,
,,,,,,,,
,,,,,,,,
,,,,,,,,
,,,,,,,,
,,,,,,,,
,,,,,,,,
,,,,,,,,
,,,,,,,,
,,,,,,,,
,,,,,,,,
,,,,,,,,
,,,,,,,,
,,,,,,,,
,,,,,,,,
,,,,,,,,
,,,,,,,,
,,,,,,,,
,,,,,,,,
,,,,,,,,
,,,,,,,,
,,,,,,,,
,,,,,,,,
,,,,,,,,
,,,,,,,,
,,,,,,,,
,,,,,,,,
,,,,,,,,
,,,,,,,,
,,,,,,,,
,,,,,,,,
,,,,,,,,
,,,,,,,,
,,,,,,,,
,,,,,,,,
,,,,,,,,
,,,,,,,,
,,,,,,,,
,,,,,,,,
,,,,,,,,
,,,,,,,,
,,,,,,,,
,,,,,,,,
,,,,,,,,
,,,,,,,,
,,,,,,,,
,,,,,,,,
,,,,,,,,
,,,,,,,,
,,,,,,,,
,,,,,,,,
,,,,,,,,
,,,,,,,,
,,,,,,,,
,,,,,,,,
,,,,,,,,
,,,,,,,,
,,,,,,,,
,,,,,,,,
,,,,,,,,
,,,,,,,,
,,,,,,,,
,,,,,,,,
,,,,,,,,
,,,,,,,,
,,,,,,,,
,,,,,,,,
,,,,,,,,
,,,,,,,,
,,,,,,,,
,,,,,,,,
,,,,,,,,
,,,,,,,,
,,,,,,,,
,,,,,,,,
,,,,,,,,
,,,,,,,,
,,,,,,,,
,,,,,,,,
,,,,,,,,
,,,,,,,,
,,,,,,,,
,,,,,,,,
,,,,,,,,
,,,,,,,,
,,,,,,,,
,,,,,,,,
,,,,,,,,
,,,,,,,,
,,,,,,,,
,,,,,,,,
,,,,,,,,
,,,,,,,,
,,,,,,,,
,,,,,,,,
,,,,,,,,
,,,,,,,,
,,,,,,,,
,,,,,,,,
,,,,,,,,
,,,,,,,,
,,,,,,,,
,,,,,,,,
,,,,,,,,
,,,,,,,,
,,,,,,,,
,,,,,,,,
,,,,,,,,
,,,,,,,,
,,,,,,,,
,,,,,,,,
,,,,,,,,
,,,,,,,,
,,,,,,,,
,,,,,,,,
,,,,,,,,
,,,,,,,,
,,,,,,,,
,,,,,,,,
,,,,,,,,
,,,,,,,,
,,,,,,,,
,,,,,,,,
,,,,,,,,
,,,,,,,,
,,,,,,,,
,,,,,,,,
,,,,,,,,
,,,,,,,,
,,,,,,,,
,,,,,,,,
,,,,,,,,
,,,,,,,,
,,,,,,,,
,,,,,,,,
,,,,,,,,
,,,,,,,,
,,,,,,,,
,,,,,,,,
,,,,,,,,
,,,,,,,,
,,,,,,,,
,,,,,,,,
,,,,,,,,
,,,,,,,,
,,,,,,,,
,,,,,,,,
,,,,,,,,
,,,,,,,,
,,,,,,,,
,,,,,,,,
,,,,,,,,
,,,,,,,,
,,,,,,,,
,,,,,,,,
,,,,,,,,
,,,,,,,,
,,,,,,,,
,,,,,,,,
,,,,,,,,
,,,,,,,,
,,,,,,,,
,,,,,,,,
,,,,,,,,
,,,,,,,,
,,,,,,,,
,,,,,,,,
,,,,,,,,
,,,,,,,,
,,,,,,,,
,,,,,,,,
,,,,,,,,
,,,,,,,,
,,,,,,,,
,,,,,,,,
,,,,,,,,
,,,,,,,,
,,,,,,,,
,,,,,,,,
,,,,,,,,
,,,,,,,,
,,,,,,,,
,,,,,,,,
,,,,,,,,
,,,,,,,,
,,,,,,,,
,,,,,,,,
,,,,,,,,
,,,,,,,,
,,,,,,,,
,,,,,,,,
,,,,,,,,
,,,,,,,,
,,,,,,,,
,,,,,,,,
,,,,,,,,
,,,,,,,,
,,,,,,,,
,,,,,,,,
,,,,,,,,
,,,,,,,,
,,,,,,,,
,,,,,,,,
,,,,,,,,
,,,,,,,,
,,,,,,,,
,,,,,,,,
,,,,,,,,
,,,,,,,,
,,,,,,,,
,,,,,,,,
,,,,,,,,
,,,,,,,,
,,,,,,,,
,,,,,,,,
,,,,,,,,
,,,,,,,,
,,,,,,,,
,,,,,,,,
,,,,,,,,
,,,,,,,,
,,,,,,,,
,,,,,,,,
,,,,,,,,
,,,,,,,,
,,,,,,,,
,,,,,,,,
,,,,,,,,
,,,,,,,,
,,,,,,,,
,,,,,,,,
,,,,,,,,
,,,,,,,,
,,,,,,,,
,,,,,,,,
,,,,,,,,
,,,,,,,,
,,,,,,,,
,,,,,,,,
,,,,,,,,
,,,,,,,,
,,,,,,,,
,,,,,,,,
,,,,,,,,
,,,,,,,,
,,,,,,,,
,,,,,,,,
,,,,,,,,
,,,,,,,,
,,,,,,,,
,,,,,,,,
,,,,,,,,
,,,,,,,,
,,,,,,,,
,,,,,,,,
,,,,,,,,
,,,,,,,,
,,,,,,,,
,,,,,,,,
,,,,,,,,
,,,,,,,,
,,,,,,,,
,,,,,,,,
,,,,,,,,
,,,,,,,,
,,,,,,,,
,,,,,,,,
,,,,,,,,
,,,,,,,,
,,,,,,,,
,,,,,,,,
,,,,,,,,
,,,,,,,,
,,,,,,,,
,,,,,,,,
,,,,,,,,
,,,,,,,,
,,,,,,,,
,,,,,,,,
,,,,,,,,
,,,,,,,,
,,,,,,,,
,,,,,,,,
,,,,,,,,
,,,,,,,,
,,,,,,,,
,,,,,,,,
,,,,,,,,
,,,,,,,,
,,,,,,,,
,,,,,,,,
,,,,,,,,
,,,,,,,,
,,,,,,,,
,,,,,,,,
,,,,,,,,
,,,,,,,,
,,,,,,,,
,,,,,,,,
,,,,,,,,
,,,,,,,,
,,,,,,,,
,,,,,,,,
,,,,,,,,
,,,,,,,,
,,,,,,,,
,,,,,,,,
,,,,,,,,
,,,,,,,,
,,,,,,,,
,,,,,,,,
,,,,,,,,
,,,,,,,,
,,,,,,,,
,,,,,,,,
,,,,,,,,
,,,,,,,,
,,,,,,,,
,,,,,,,,
,,,,,,,,
,,,,,,,,
,,,,,,,,
,,,,,,,,
,,,,,,,,
,,,,,,,,
,,,,,,,,
,,,,,,,,
,,,,,,,,
,,,,,,,,
,,,,,,,,
,,,,,,,,
,,,,,,,,
,,,,,,,,
,,,,,,,,
,,,,,,,,
,,,,,,,,
,,,,,,,,
,,,,,,,,
,,,,,,,,
,,,,,,,,
,,,,,,,,
,,,,,,,,
,,,,,,,,
,,,,,,,,
,,,,,,,,
,,,,,,,,
,,,,,,,,
,,,,,,,,
,,,,,,,,
,,,,,,,,
,,,,,,,,
,,,,,,,,
,,,,,,,,
,,,,,,,,
,,,,,,,,
,,,,,,,,
,,,,,,,,
,,,,,,,,
,,,,,,,,
,,,,,,,,
,,,,,,,,
,,,,,,,,
,,,,,,,,
,,,,,,,,
,,,,,,,,
,,,,,,,,
,,,,,,,,
,,,,,,,,
,,,,,,,,
,,,,,,,,
,,,,,,,,
,,,,,,,,
,,,,,,,,
,,,,,,,,
,,,,,,,,
,,,,,,,,
,,,,,,,,
,,,,,,,,
,,,,,,,,
,,,,,,,,
,,,,,,,,
,,,,,,,,
,,,,,,,,
,,,,,,,,
,,,,,,,,
,,,,,,,,
,,,,,,,,
,,,,,,,,
,,,,,,,,
,,,,,,,,
,,,,,,,,
,,,,,,,,
,,,,,,,,
,,,,,,,,
,,,,,,,,
,,,,,,,,
,,,,,,,,
,,,,,,,,
,,,,,,,,
,,,,,,,,
,,,,,,,,
,,,,,,,,
,,,,,,,,
,,,,,,,,
,,,,,,,,
,,,,,,,,
,,,,,,,,
,,,,,,,,
,,,,,,,,
,,,,,,,,
,,,,,,,,
,,,,,,,,
,,,,,,,,
,,,,,,,,
,,,,,,,,
,,,,,,,,
,,,,,,,,
,,,,,,,,
,,,,,,,,
,,,,,,,,
,,,,,,,,
,,,,,,,,
,,,,,,,,
,,,,,,,,
,,,,,,,,
,,,,,,,,
,,,,,,,,
,,,,,,,,
,,,,,,,,
,,,,,,,,
,,,,,,,,
,,,,,,,,
,,,,,,,,
,,,,,,,,
,,,,,,,,
,,,,,,,,
,,,,,,,,
,,,,,,,,
,,,,,,,,
,,,,,,,,
,,,,,,,,
,,,,,,,,
,,,,,,,,
,,,,,,,,
,,,,,,,,
,,,,,,,,
,,,,,,,,
,,,,,,,,
,,,,,,,,
,,,,,,,,
,,,,,,,,
,,,,,,,,
,,,,,,,,
,,,,,,,,
,,,,,,,,
,,,,,,,,
,,,,,,,,
,,,,,,,,
,,,,,,,,
,,,,,,,,
,,,,,,,,
,,,,,,,,
,,,,,,,,
,,,,,,,,
,,,,,,,,
,,,,,,,,
,,,,,,,,
,,,,,,,,
,,,,,,,,
,,,,,,,,
,,,,,,,,
,,,,,,,,
,,,,,,,,
,,,,,,,,
,,,,,,,,
,,,,,,,,
,,,,,,,,
,,,,,,,,
,,,,,,,,
,,,,,,,,
,,,,,,,,
,,,,,,,,
,,,,,,,,
,,,,,,,,
,,,,,,,,
,,,,,,,,
,,,,,,,,
,,,,,,,,
,,,,,,,,
,,,,,,,,
,,,,,,,,
,,,,,,,,
,,,,,,,,
,,,,,,,,
,,,,,,,,
,,,,,,,,
,,,,,,,,
,,,,,,,,
,,,,,,,,
,,,,,,,,
,,,,,,,,
,,,,,,,,
,,,,,,,,
,,,,,,,,
,,,,,,,,
,,,,,,,,
,,,,,,,,
,,,,,,,,
,,,,,,,,
,,,,,,,,
,,,,,,,,
,,,,,,,,
,,,,,,,,
,,,,,,,,
,,,,,,,,
,,,,,,,,
,,,,,,,,
,,,,,,,,
,,,,,,,,
,,,,,,,,
,,,,,,,,
,,,,,,,,
,,,,,,,,
,,,,,,,,
,,,,,,,,
,,,,,,,,
,,,,,,,,
,,,,,,,,
,,,,,,,,
,,,,,,,,
,,,,,,,,
,,,,,,,,
,,,,,,,,
,,,,,,,,
,,,,,,,,
,,,,,,,,
,,,,,,,,
,,,,,,,,
,,,,,,,,
,,,,,,,,
,,,,,,,,
,,,,,,,,
,,,,,,,,
,,,,,,,,
,,,,,,,,
,,,,,,,,
,,,,,,,,
,,,,,,,,
,,,,,,,,
,,,,,,,,
,,,,,,,,
,,,,,,,,
,,,,,,,,
,,,,,,,,
,,,,,,,,
,,,,,,,,
,,,,,,,,
,,,,,,,,
,,,,,,,,
,,,,,,,,
,,,,,,,,
,,,,,,,,
,,,,,,,,
,,,,,,,,
,,,,,,,,
,,,,,,,,
,,,,,,,,
,,,,,,,,
,,,,,,,,
,,,,,,,,
,,,,,,,,
,,,,,,,,
,,,,,,,,
,,,,,,,,
,,,,,,,,
,,,,,,,,
,,,,,,,,
,,,,,,,,
,,,,,,,,
,,,,,,,,
,,,,,,,,
,,,,,,,,
,,,,,,,,
,,,,,,,,
,,,,,,,,
,,,,,,,,
,,,,,,,,
,,,,,,,,
,,,,,,,,
,,,,,,,,
,,,,,,,,
,,,,,,,,
,,,,,,,,
,,,,,,,,
,,,,,,,,
,,,,,,,,
,,,,,,,,
,,,,,,,,
,,,,,,,,
,,,,,,,,
,,,,,,,,
,,,,,,,,
,,,,,,,,
,,,,,,,,
,,,,,,,,
,,,,,,,,
,,,,,,,,
,,,,,,,,
,,,,,,,,
,,,,,,,,
,,,,,,,,
,,,,,,,,
,,,,,,,,
,,,,,,,,
,,,,,,,,
,,,,,,,,
,,,,,,,,
,,,,,,,,
,,,,,,,,
,,,,,,,,
,,,,,,,,
,,,,,,,,
,,,,,,,,
,,,,,,,,
,,,,,,,,
,,,,,,,,
,,,,,,,,
,,,,,,,,
,,,,,,,,
,,,,,,,,
,,,,,,,,
,,,,,,,,
,,,,,,,,
,,,,,,,,
,,,,,,,,
,,,,,,,,
,,,,,,,,
,,,,,,,,
,,,,,,,,
,,,,,,,,
,,,,,,,,
,,,,,,,,
,,,,,,,,
,,,,,,,,
,,,,,,,,
,,,,,,,,
,,,,,,,,
,,,,,,,,
,,,,,,,,
,,,,,,,,
,,,,,,,,
,,,,,,,,
,,,,,,,,
,,,,,,,,
,,,,,,,,
,,,,,,,,
,,,,,,,,
,,,,,,,,
,,,,,,,,
,,,,,,,,
,,,,,,,,
,,,,,,,,
,,,,,,,,
,,,,,,,,
,,,,,,,,
,,,,,,,,
,,,,,,,,
,,,,,,,,
,,,,,,,,
,,,,,,,,
,,,,,,,,
,,,,,,,,
,,,,,,,,
,,,,,,,,
,,,,,,,,
,,,,,,,,
,,,,,,,,
,,,,,,,,
,,,,,,,,
,,,,,,,,
,,,,,,,,
,,,,,,,,
,,,,,,,,
,,,,,,,,
,,,,,,,,
,,,,,,,,
,,,,,,,,
,,,,,,,,
,,,,,,,,
,,,,,,,,
,,,,,,,,
,,,,,,,,
,,,,,,,,
,,,,,,,,
,,,,,,,,
,,,,,,,,
,,,,,,,,
,,,,,,,,
,,,,,,,,
,,,,,,,,
,,,,,,,,
,,,,,,,,
,,,,,,,,
,,,,,,,,
,,,,,,,,
,,,,,,,,
,,,,,,,,
,,,,,,,,
,,,,,,,,
,,,,,,,,
,,,,,,,,
,,,,,,,,
,,,,,,,,
,,,,,,,,
,,,,,,,,
,,,,,,,,
,,,,,,,,
,,,,,,,,
,,,,,,,,
,,,,,,,,
,,,,,,,,
,,,,,,,,
,,,,,,,,
,,,,,,,,
,,,,,,,,
,,,,,,,,
,,,,,,,,
,,,,,,,,
,,,,,,,,
,,,,,,,,
,,,,,,,,
,,,,,,,,
,,,,,,,,
,,,,,,,,
,,,,,,,,
,,,,,,,,
,,,,,,,,
,,,,,,,,
,,,,,,,,
,,,,,,,,
,,,,,,,,
,,,,,,,,
,,,,,,,,
,,,,,,,,
,,,,,,,,
,,,,,,,,
,,,,,,,,
,,,,,,,,
,,,,,,,,
,,,,,,,,
,,,,,,,,
,,,,,,,,
,,,,,,,,
,,,,,,,,
,,,,,,,,
,,,,,,,,
,,,,,,,,
,,,,,,,,
,,,,,,,,
,,,,,,,,
,,,,,,,,
,,,,,,,,
,,,,,,,,
,,,,,,,,
,,,,,,,,
,,,,,,,,
,,,,,,,,
,,,,,,,,
,,,,,,,,
,,,,,,,,
,,,,,,,,
,,,,,,,,
,,,,,,,,
,,,,,,,,
,,,,,,,,
,,,,,,,,
,,,,,,,,
,,,,,,,,
,,,,,,,,
,,,,,,,,
,,,,,,,,
,,,,,,,,
,,,,,,,,
,,,,,,,,
,,,,,,,,
,,,,,,,,
,,,,,,,,
,,,,,,,,
,,,,,,,,
,,,,,,,,
,,,,,,,,
,,,,,,,,
,,,,,,,,
,,,,,,,,
,,,,,,,,
,,,,,,,,
,,,,,,,,
,,,,,,,,
,,,,,,,,
,,,,,,,,
,,,,,,,,
,,,,,,,,
,,,,,,,,
,,,,,,,,
,,,,,,,,
,,,,,,,,
,,,,,,,,
,,,,,,,,
,,,,,,,,
,,,,,,,,
,,,,,,,,
,,,,,,,,
,,,,,,,,
,,,,,,,,
,,,,,,,,
,,,,,,,,
,,,,,,,,
,,,,,,,,
,,,,,,,,
,,,,,,,,
,,,,,,,,
,,,,,,,,
,,,,,,,,
,,,,,,,,
,,,,,,,,
,,,,,,,,
,,,,,,,,
,,,,,,,,
,,,,,,,,
,,,,,,,,
,,,,,,,,
,,,,,,,,
,,,,,,,,
,,,,,,,,
,,,,,,,,
,,,,,,,,
,,,,,,,,
,,,,,,,,
,,,,,,,,
,,,,,,,,
,,,,,,,,
,,,,,,,,
,,,,,,,,
,,,,,,,,
,,,,,,,,
,,,,,,,,
,,,,,,,,
,,,,,,,,
,,,,,,,,
,,,,,,,,
,,,,,,,,
,,,,,,,,
,,,,,,,,
,,,,,,,,
,,,,,,,,
,,,,,,,,
,,,,,,,,
,,,,,,,,
,,,,,,,,
,,,,,,,,
,,,,,,,,
,,,,,,,,
,,,,,,,,
,,,,,,,,
,,,,,,,,
,,,,,,,,
,,,,,,,,
,,,,,,,,
,,,,,,,,
,,,,,,,,
,,,,,,,,
,,,,,,,,
,,,,,,,,
,,,,,,,,
,,,,,,,,
,,,,,,,,
,,,,,,,,
,,,,,,,,
,,,,,,,,
,,,,,,,,
,,,,,,,,
,,,,,,,,
,,,,,,,,
,,,,,,,,
,,,,,,,,
,,,,,,,,
,,,,,,,,
,,,,,,,,
,,,,,,,,
,,,,,,,,
,,,,,,,,
,,,,,,,,
,,,,,,,,
,,,,,,,,
,,,,,,,,
,,,,,,,,
,,,,,,,,
,,,,,,,,
,,,,,,,,
,,,,,,,,
,,,,,,,,
,,,,,,,,
,,,,,,,,
,,,,,,,,
,,,,,,,,
,,,,,,,,
,,,,,,,,
,,,,,,,,
,,,,,,,,
,,,,,,,,
,,,,,,,,
,,,,,,,,
,,,,,,,,
,,,,,,,,
,,,,,,,,
,,,,,,,,
,,,,,,,,
,,,,,,,,
,,,,,,,,
,,,,,,,,
,,,,,,,,
,,,,,,,,
,,,,,,,,
,,,,,,,,
,,,,,,,,
,,,,,,,,
,,,,,,,,
,,,,,,,,
,,,,,,,,
,,,,,,,,
,,,,,,,,
,,,,,,,,
,,,,,,,,
,,,,,,,,
,,,,,,,,
,,,,,,,,
,,,,,,,,
,,,,,,,,
,,,,,,,,
,,,,,,,,
,,,,,,,,
,,,,,,,,
,,,,,,,,
,,,,,,,,
,,,,,,,,
,,,,,,,,
,,,,,,,,
,,,,,,,,
,,,,,,,,
,,,,,,,,
,,,,,,,,
,,,,,,,,
,,,,,,,,
,,,,,,,,
,,,,,,,,
,,,,,,,,
,,,,,,,,
,,,,,,,,
,,,,,,,,
,,,,,,,,
,,,,,,,,
,,,,,,,,
,,,,,,,,
,,,,,,,,
,,,,,,,,
,,,,,,,,
,,,,,,,,
,,,,,,,,
,,,,,,,,
,,,,,,,,
,,,,,,,,
,,,,,,,,
,,,,,,,,
,,,,,,,,
,,,,,,,,
,,,,,,,,
,,,,,,,,
,,,,,,,,
,,,,,,,,
,,,,,,,,
,,,,,,,,
,,,,,,,,
,,,,,,,,
,,,,,,,,
38.48538062,-121.5374388,1/9/06 22:00,7534 RUSH RIVER DR,4,4C        ,1292,459 PC  BURGLARY VEHICLE,2299
38.55462435,-121.458819,1/9/06 22:00,4043 SHERMAN WAY,6,6B        ,1003,459 PC  BURGLARY VEHICLE,2299
38.61474191,-121.4461725,1/9/06 22:08,RIO LINDA BLVD / LAMPASAS AVE,2,2B        ,563,TOWED/STORED VEHICLE,7000
38.54221766,-121.4374105,1/9/06 22:14,11TH AVE / DAVID WAY,6,6B        ,1047,NARCOTICS SUSP/EVID/ACT- I RPT,7000
38.61295423,-121.5005071,1/9/06 22:30,2 TIMBERWOOD CT,1,1B        ,434,10851(A)VC TAKE VEH W/O OWNER,2404
38.60307405,-121.420291,1/9/06 22:37,2031 ETHAN WAY,2,2C        ,617,246 PC SHOOT OCCUP DWELL/VEH,5213
38.47433721,-121.4189709,1/9/06 22:45,STOCKTON BLVD / ELSIE AVE,5,5C        ,1607,20002(A) HIT/RUN,5401
38.45471595,-121.4381169,1/9/06 23:00,8347 VALLEY LARK DR,5,5C        ,1644,10851(A)VC TAKE VEH W/O OWNER,2404
38.52555366,-121.43427,1/9/06 23:00,5413 61ST ST,6,6B        ,1088,459 PC  BURGLARY VEHICLE,2299
38.62147929,-121.4278524,1/9/06 23:00,1646 KATHLEEN AVE,2,2B        ,556,TOWED/STORED VEHICLE,7000
38.47614715,-121.4598152,1/9/06 23:05,MACK RD / ARCHEAN WAY,5,5B        ,1614,529 PC FALSE PERSONATION,2604
38.62406654,-121.4448995,1/9/06 23:10,951 SONOMA AVE,2,2B        ,544,10851 VC AUTO THEFT LOCATE,2404
38.55269382,-121.4274073,1/9/06 23:15,6500 Q ST,3,3C        ,856,211 PC  ROBBERY UNSPECIFIED,1299
38.61696967,-121.5000765,1/9/06 23:24,9 INLET CT,1,1B        ,434,5150 WI DANGER SELF/OTHERS,7000
38.47587793,-121.4395992,1/9/06 23:30,78 THATCHER CIR,5,5B        ,1604,10851(A)VC TAKE VEH W/O OWNER,2404
38.63936687,-121.4408906,1/9/06 23:30,3927 HAYWOOD ST,2,2A        ,504,484 PC   THEFT-LIC PLATE TABS,2399
38.53450711,-121.4681974,1/9/06 23:40,20TH AVE / 36TH ST,6,6A        ,1061,11364 HS POSS DRUG PARAPH,3599
38.627317,-121.4534085,1/9/06 23:45,3314 LUNA NUEVO ST,2,2B        ,532,10851(A)VC TAKE VEH W/O OWNER,2404
38.58314743,-121.4974099,1/9/06 23:50,651 I ST,3,3M        ,732,CASUALTY REPORT,7000
38.53944483,-121.4629583,1/9/06 23:50,WASHINGTON AVE / 14TH AVE,6,6A        ,1042,TOWED/STORED VEH-14602.6,7000
38.56374165,-121.4787306,1/10/06 0:00,2418 T ST,3,3B        ,788,459 PC  BURGLARY VEHICLE,2299
38.58276198,-121.4688872,1/10/06 0:00,2519 C ST,3,3B        ,718,459 PC  BURGLARY RESIDENCE,2204
38.52983357,-121.4448282,1/10/06 0:00,LAWRENCE DR / STOCKTON BLVD,6,6B        ,1086,TOWED/STORED VEH-14602.6,7000
38.57615249,-121.5003415,1/10/06 0:00,1500 7TH ST,3,3A        ,763,459 PC  BURGLARY VEHICLE,2299
38.52532078,-121.4830904,1/10/06 0:00,5531 24TH ST,4,4B        ,977,532 PC FRAUD OBTAIN MONEY ETC,2699
38.66298106,-121.5270363,1/10/06 0:00,2936 LOGANSPORT DR,1,1A        ,123,530.5 PC USE PERSONAL ID INFO,2604
38.61199425,-121.4244182,1/10/06 0:00,1820 FRIENZA AVE,2,2C        ,568,459 PC  BURGLARY BUSINESS,2203
38.4890423,-121.491965,1/10/06 0:01,68TH AVE / 21ST ST,5,5A        ,1364,11351.5 HS POSS SALE RCK COCAI,3532
38.57500761,-121.4841051,1/10/06 0:01,1720 L ST,3,3M        ,746,459 PC  BURGLARY VEHICLE,2299
38.62648616,-121.4966948,1/10/06 0:01,3200 TRUXEL RD,1,1C        ,414,459 PC  BURGLARY VEHICLE,2299
38.54327657,-121.4417342,1/10/06 0:01,5440 9TH AVE,6,6B        ,1036,459 PC  BURGLARY VEHICLE,2299
38.45543018,-121.4370462,1/10/06 0:01,5750 KEVINBERG DR,5,5C        ,1644,594(B)(2)(A) VANDALISM/ -$400,2999
38.58618556,-121.4870224,1/10/06 0:09,1217 D ST,3,3A        ,715,5150 WI DANGER SELF/OTHERS,7000
38.47431603,-121.4546419,1/10/06 0:20,MACK RD / DEER CREEK DR,5,5B        ,1614,20002(A) HIT/RUN,5401
38.54718283,-121.4647218,1/10/06 0:25,MARTIN LUTHER KING JR BLVD / BROADWAY,6,6A        ,1014,11364 HS POSS DRUG PARAPH,3599
38.65798545,-121.541883,1/10/06 0:30,4800 WESTLAKE PKWY,1,1A        ,130,459 PC  BURGLARY VEHICLE,2299
38.57498057,-121.4642474,1/10/06 0:41,H ST / ALHAMBRA BLVD,3,3C        ,821,11364 HS POSS DRUG PARAPH,3599
38.58506592,-121.4884229,1/10/06 0:52,12TH ST / E ST,3,3A        ,715,245(A)(1)AWDW/NO FIREARM/CIVIL,1315
38.63862878,-121.3815598,1/10/06 1:00,3555 AUBURN BLVD,2,2A        ,509,MISSING PERSON,7000
38.62346829,-121.4426884,1/10/06 1:00,1044 SONOMA AVE,2,2B        ,544,594(B)(1)PC  VANDALISM +$400,2999
38.57100991,-121.4935219,1/10/06 1:00,1250 WHITNEY AVE,3,3A        ,764,594(B)(1)VANDALISM GRAF +$400,2999
38.61124309,-121.4755625,1/10/06 1:52,W EL CAMINO AVE / NORTHGATE BLVD,1,1C        ,429,TOWED/STORED VEHICLE,7000
38.51048773,-121.406008,1/10/06 1:59,8174 ELDER CREEK RD,6,6C        ,1446,10851 VC AUTO THEFT LOCATE,2404
38.56412181,-121.417918,1/10/06 2:00,910 UNIVERSITY AVE,3,3C        ,876,459 PC  BURGLARY BUSINESS,2203
38.54066622,-121.4517155,1/10/06 2:10,3724 47TH ST,6,6A        ,1053,245(A)(2) AWDW/FIREARM/CIVILIA,1315
38.64674718,-121.5324558,1/10/06 2:29,76 GOOSE HAVEN CT,1,1A        ,303,246 PC SHOOT OCCUP DWELL/VEH,5213
38.50111994,-121.5139178,1/10/06 3:00,1204 56TH AVE,4,4C        ,1278,10851(A)VC TAKE VEH W/O OWNER,2404
38.62210853,-121.5191764,1/10/06 3:20,2860 GATEWAY OAKS DR,1,1B        ,421,10851 VC AUTO THEFT LOCATE,2404
38.51995809,-121.4304905,1/10/06 3:45,6305 MCMAHON DR,6,6B        ,1402,245(A)(1)AWDW/NO FIREARM/CIVIL,1315
38.51995809,-121.4304905,1/10/06 3:47,6305 MCMAHON DR,6,6B        ,1402,23153(A) VC DUI CAUSE INJURY,5404
38.52199137,-121.4990149,1/10/06 4:11,5770 FREEPORT BLVD,4,4C        ,985,5150 WI DANGER SELF/OTHERS,7000
38.47764806,-121.4891676,1/10/06 4:29,211 HEMFORD CIR,5,5A        ,1502,ACCIDENTAL FIRES/ARSON -I RPT,7000
38.5985901,-121.4286169,1/10/06 4:35,1610 ARDEN WAY,2,2C        ,628,594(B)(1)PC  VANDALISM +$400,2999
38.61188095,-121.4655275,1/10/06 5:00,24 SANTIAGO AVE,2,2B        ,551,10851(A)VC TAKE VEH W/O OWNER,2404
38.58215599,-121.4775255,1/10/06 5:08,20TH ST / E ST,3,3B        ,716,TOWED/STORED VEH-14602.6,7000
38.57294064,-121.4248243,1/10/06 6:30,87 SANDBURG DR,3,3C        ,879,459 PC  BURGLARY RESIDENCE,2204
38.60590997,-121.4646484,1/10/06 7:00,90 ARDEN WAY,2,2C        ,611,10851(A)VC TAKE VEH W/O OWNER,2404
38.56519016,-121.4442104,1/10/06 7:00,1133 48TH ST,3,3C        ,845,459 PC  BURGLARY RESIDENCE,2204
38.50305262,-121.4827938,1/10/06 7:20,24TH ST / 53RD AVE,4,4B        ,1346,TOWED/STORED VEH-14602.6,7000
38.52199137,-121.4990149,1/10/06 7:24,5770 FREEPORT BLVD,4,4C        ,985,CAR CLOUT -  I RPT,7000
38.62599581,-121.4316422,1/10/06 7:25,1535 ARCADE BLVD,2,2B        ,537,TOWED/STORED VEH-14602.6,7000
38.6161187,-121.4504318,1/10/06 7:25,2673 ALTOS AVE,2,2B        ,552,11350(A)HS POSS CNTRL SUBST,3532
38.57871645,-121.4802163,1/10/06 7:30,815 19TH ST,3,3B        ,736,459 PC  BURGLARY RESIDENCE,2204
38.62354293,-121.434294,1/10/06 7:54,PALO VERDE AVE / MARYSVILLE BLVD,2,2B        ,546,TOWED/STORED VEHICLE,7000
38.47732859,-121.4803322,1/10/06 7:54,24TH ST / JOHN STILL DR,5,5A        ,1504,TRAFFIC-ACCIDENT-NON INJURY,5400
38.62996703,-121.4784703,1/10/06 8:00,731 SAN JUAN RD,1,1C        ,406,211 PC ROBBERY-PURSE SNATCH,1210
38.50634715,-121.5169435,1/10/06 8:00,6617 LAKE PARK DR,4,4C        ,1276,484 PC  PETTY THEFT/ OUTSIDE,2309
38.67745476,-121.5027381,1/10/06 8:00,5645 POP BECKER ST,1,1A        ,106,530.5 PC USE PERSONAL ID INFO,2604
38.62541828,-121.433145,1/10/06 8:20,MARYSVILLE BLVD / ARCADE BLVD,2,2B        ,537,TOWED/STORED VEHICLE,7000
38.63647046,-121.429178,1/10/06 8:29,GRAND AVE / WILLOW ST,2,2A        ,506,TOWED/STORED VEH-14602.6,7000
38.64420903,-121.5129034,1/10/06 8:42,4101 INNOVATOR DR,1,1A        ,336,602(L)(1)TRESPASS REFUSE TO LV,5707
38.58088731,-121.4714654,1/10/06 8:43,2415 E ST,3,3B        ,717,ACCIDENTAL FIRES/ARSON -I RPT,7000
38.62541828,-121.433145,1/10/06 8:59,ARCADE BLVD / MARYSVILLE BLVD,2,2B        ,537,TOWED/STORED VEH-14602.6,7000
38.58026647,-121.4979339,1/10/06 9:00,7TH ST / K ST,3,3M        ,742,WARRANT SERVED - I RPT,7000
38.66719342,-121.5277369,1/10/06 9:00,2940 TRAP ROCK WAY,1,1A        ,111,484G(A)PC USE FORGED CARD,2605
38.49850245,-121.4827604,1/10/06 9:04,YREKA AVE / 24TH ST,4,4B        ,1356,TOWED/STORED VEH-14602.6,7000
38.6183743,-121.4392211,1/10/06 9:16,DEL PASO BLVD / MARYSVILLE BLVD,2,2B        ,546,TOWED/STORED VEH-14602.6,7000
38.51055822,-121.3905289,1/10/06 9:27,ELDER CREEK RD / FLORIN PERKINS RD,6,6C        ,1427,TRAFFIC-ACCIDENT INJURY,5400
38.66234122,-121.4951282,1/10/06 9:30,1560 MAYFIELD ST,1,1A        ,136,484 PETTY THEFT/LICENSE PLATE,2399
38.50635324,-121.5277277,1/10/06 9:30,6633 GLORIA DR,4,4C        ,1274,459 PC  BURGLARY RESIDENCE,2204
38.48664963,-121.4769699,1/10/06 9:42,2620 69TH AVE,5,5A        ,1396,TOWED/STORED VEHICLE,7000
38.60992783,-121.456513,1/10/06 9:54,480 REDWOOD AVE,2,2C        ,602,MISSING PERSON,7000
38.56587673,-121.4646165,1/10/06 9:54,1546 34TH ST,3,3C        ,851,CASUALTY REPORT,7000
38.62363032,-121.4866655,1/10/06 10:00,3066 BRIDGEFORD DR,1,1C        ,416,10851(A)VC TAKE VEH W/O OWNER,2404
38.61890556,-121.5000769,1/10/06 10:00,2901 TRUXEL RD,1,1B        ,424,459 PC  BURGLARY VEHICLE,2299
38.5425445,-121.4284607,1/10/06 10:00,3541 KROY WAY,6,6B        ,1038,459 PC  BURGLARY RESIDENCE,2204
38.62595817,-121.4290136,1/10/06 10:03,1660 ARCADE BLVD,2,2B        ,546,TOWED/STORED VEH-14602.6,7000
38.55234985,-121.4711067,1/10/06 10:15,33RD ST / 3RD AVE,6,6A        ,1011,484 PC   PETTY THEFT/INSIDE,2308
38.56913281,-121.4406785,1/10/06 10:23,H ST / 51ST ST,3,3C        ,825,TOWED/STORED VEHICLE,7000
38.54146972,-121.4254625,1/10/06 10:35,6879 14TH AVE,6,6C        ,1121,GANG ACTIVITY - I RPT,7000
38.47427504,-121.4465943,1/10/06 11:00,MACK RD / TANGERINE AVE,5,5B        ,1604,LOST PROPERTY - I RPT,7000
38.52983357,-121.4448282,1/10/06 11:00,STOCKTON BLVD / LAWRENCE DR,6,6B        ,1086,TRAFFIC-ACCIDENT INJURY,5400
38.64681802,-121.4650379,1/10/06 11:00,19 E AL CT,2,2A        ,231,TELEPEST -I RPT,7000
38.61589986,-121.4902491,1/10/06 11:02,GLEN ARVEN WAY / BREWERTON DR,1,1B        ,427,TOWED/STORED VEHICLE,7000
38.53876157,-121.416555,1/10/06 11:15,7500 14TH AVE,6,6C        ,1132,242 PC  BATTERY CIVILIAN,1313
38.5395643,-121.4134753,1/10/06 11:15,W RAILROAD AVE / 14TH AVE,6,6C        ,1132,TRAFFIC-ACCIDENT-NON INJURY,5400
38.52507559,-121.427517,1/10/06 11:26,FRUITRIDGE RD / 65TH STREET EXPY,6,6B        ,1141,TRAFFIC-ACCIDENT INJURY,5400
38.65550746,-121.5556894,1/10/06 11:30,3700 DEL PASO RD,1,1A        ,301,GANG ACTIVITY - I RPT,7000
38.57715166,-121.4827568,1/10/06 11:30,1000 18TH ST,3,3M        ,746,487(A) PC GRAND THEFT,2303
38.61341962,-121.4527905,1/10/06 11:44,2562 TRACTION AVE,2,2B        ,563,10851 VC AUTO THEFT LOCATE,2404
38.62541828,-121.433145,1/10/06 11:58,ARCADE BLVD / MARYSVILLE BLVD,2,2B        ,537,TOWED/STORED VEH-14602.6,7000
38.5545627,-121.3802811,1/10/06 12:00,8816 GARDEN GLEN WAY,3,3C        ,1106,459 PC  BURGLARY VEHICLE,2299
38.51446243,-121.5298585,1/10/06 12:00,6222 RIVERSIDE BLVD,4,4C        ,1251,290(F)1 W/I 5 DAYS ADD CHANGE,3699
38.53630908,-121.4056953,1/10/06 12:01,8175 ALPINE AVE,6,6C        ,1134,SUSP PERS-NO CRIME - I RPT,7000
38.62529673,-121.4318753,1/10/06 12:03,1530 ARCADE BLVD,2,2B        ,546,TOWED/STORED VEH-14602.6,7000
38.56382548,-121.491401,1/10/06 12:08,16TH ST / W ST,3,3A        ,785,TOWED/STORED VEHICLE,7000
38.63466859,-121.4301867,1/10/06 12:11,MARYSVILLE BLVD / ROANOKE AVE,2,2A        ,516,TOWED/STORED VEH-14602.6,7000
38.62868558,-121.468398,1/10/06 12:12,WESTERN AVE / FORD RD,2,2B        ,531,10851 VC AUTO THEFT LOCATE,2404
38.47943831,-121.4376744,1/10/06 12:20,5551 WARDELL WAY,5,5C        ,1605,459 PC  BURGLARY RESIDENCE,2204
38.52475578,-121.4919171,1/10/06 12:23,HELEN WAY / FRUITRIDGE RD,4,4B        ,976,TRAFFIC-ACCIDENT INJURY,5400
38.49407763,-121.4673944,1/10/06 12:25,3500 FLORIN RD,5,5B        ,1367,496(A) RECEIVE STOLEN PROPERTY,2803
38.46499591,-121.4174193,1/10/06 12:30,8009 BRUCEVILLE RD,5,5C        ,1639,MISSING PERSON,7000
38.55766731,-121.471396,1/10/06 12:33,3110 W ST,6,6A        ,1001,242 PC  BATTERY CIVILIAN,1313
38.62020172,-121.4366726,1/10/06 12:39,2930 MARYSVILLE BLVD,2,2B        ,546,TOWED/STORED VEHICLE,7000
38.6220841,-121.4341446,1/10/06 12:41,1418 PALO VERDE AVE,2,2B        ,546,PETTY THEFT - I RPT,7000
38.59278496,-121.4841374,1/10/06 12:46,SITKA ST / MINT ST,3,3A        ,709,11350(A)HS POSS CNTRL SUBST,3532
38.61142717,-121.4719599,1/10/06 12:51,401 W EL CAMINO AVE,1,1C        ,429,4140 BP  POSS OF HYPO NEEDLE,3599
38.61449687,-121.442601,1/10/06 12:53,1021 OLIVERA WAY,2,2B        ,564,TOWED/STORED VEHICLE,7000
38.61112661,-121.4487064,1/10/06 13:00,DEL PASO BLVD / EL CAMINO AVE,2,2C        ,563,11364 HS POSS DRUG PARAPH,3599
38.63020663,-121.4959999,1/10/06 13:00,3301 FONG RANCH RD,1,1B        ,404,GANG ACTIVITY - I RPT,7000
38.56853798,-121.4251955,1/10/06 13:00,FAIR OAKS BLVD / CAMELLIA AVE,3,3C        ,879,TRAFFIC-ACCIDENT INJURY,5400
38.5791674,-121.4984069,1/10/06 13:00,7TH ST / L ST,3,3M        ,742,242 PC  BATTERY CIVILIAN,1313
38.54146972,-121.4254625,1/10/06 13:03,6879 14TH AVE,6,6C        ,1121,415(1) PC DISTURB PEACE/FIGHT,5311
38.5692795,-121.4890397,1/10/06 13:07,R ST / 16TH ST,3,3A        ,766,TOWED/STORED VEHICLE,7000
38.48934244,-121.4859396,1/10/06 13:29,2250 68TH AVE,5,5A        ,1384,GANG ACTIVITY - I RPT,7000
38.62218315,-121.4659998,1/10/06 13:35,OLMSTEAD DR / KINNAIRD WAY,2,2B        ,531,TOWED/STORED VEH-14602.6,7000
38.63024715,-121.4493987,1/10/06 13:45,732 HAYES AVE,2,2B        ,522,10851 VC AUTO THEFT LOCATE,2404
38.58388345,-121.4745497,1/10/06 13:45,2101 C ST,3,3B        ,717,FOUND PROPERTY - I RPT,7000
38.52078633,-121.5119629,1/10/06 13:54,5821 S LAND PARK DR,4,4C        ,1227,BURGLARY - I RPT,7000
38.6161168,-121.4529308,1/10/06 13:57,2681 FAIRFIELD ST,2,2B        ,552,10851 VC AUTO THEFT LOCATE,2404
38.48199912,-121.4784328,1/10/06 14:00,2451 MEADOWVIEW RD,5,5A        ,1396,245(A)(1)AWDW/NO FIREARM/CIVIL,1315
38.5474759,-121.3980671,1/10/06 14:00,8341 FOLSOM BLVD,3,3C        ,1115,211 PC  ROBBERY UNSPECIFIED,1299
38.50298477,-121.5346969,1/10/06 14:00,6715 GLORIA DR,4,4C        ,1272,GANG ACTIVITY - I RPT,7000
38.58184562,-121.5011657,1/10/06 14:00,547 L ST,3,3M        ,742,HOMICIDE ASSAULT - I RPT,7000
38.50298477,-121.5346969,1/10/06 14:00,6715 GLORIA DR,4,4C        ,1272,GANG ACTIVITY - I RPT,7000
38.54818818,-121.3940644,1/10/06 14:15,8391 FOLSOM BLVD,3,3C        ,1115,666 PC PETTY THEFT W/PRI CONV,2399
38.48455742,-121.4656033,1/10/06 14:15,SHINING STAR DR / SPARROWOOD WAY,5,5B        ,1399,GANG ACTIVITY - I RPT,7000
38.53317666,-121.5069385,1/10/06 14:17,4611 S LAND PARK DR,4,4A        ,1205,23152(A) VC DUI-ALCOHOL/DRUGS,5404
38.63862878,-121.3815598,1/10/06 14:25,3555 AUBURN BLVD,2,2A        ,509,MISSING PERSON,7000
38.55804061,-121.3998489,1/10/06 14:30,8291 CARIBBEAN WAY,3,3C        ,898,FOUND PROPERTY - I RPT,7000
38.48371518,-121.4516915,1/10/06 14:30,4533 CEDARWOOD WAY,5,5B        ,1603,1708 US   THEFT OF MAIL,2310
38.57160034,-121.48052,1/10/06 14:30,1407 21ST ST,3,3B        ,767,487(A) GRAND THEFT-COIN MACHIN,2307
38.48574227,-121.4611611,1/10/06 14:34,3976 ROBINRIDGE WAY,5,5B        ,1399,484E(D)PC FRAUD POSS CARD INFO,2605
38.53952458,-121.4647617,1/10/06 14:46,14TH AVE / MARTIN LUTHER KING JR BLVD,6,6A        ,1042,11378 HS POSS/SALE AMPHETAMINE,3571
38.5601973,-121.5122704,1/10/06 14:55,70 SEAVEY CIR,4,4A        ,912,11357(C)HS POSS +28.5GR MARIJ,3562
38.63410573,-121.455905,1/10/06 15:00,441 KESNER AVE,2,2A        ,512,MISCELLANEOUS I RPT (ZMISC),7000
38.57150442,-121.4836302,1/10/06 15:03,19TH ST / O ST,3,3B        ,766,TRAFFIC-ACCIDENT-NON INJURY,5400
38.62991663,-121.4394524,1/10/06 15:05,CONGRESS AVE / ALVARADO BLVD,2,2B        ,525,10851 VC AUTO THEFT LOCATE,2404
38.58165678,-121.5032275,1/10/06 15:10,3RD ST / K ST,3,3M        ,742,WARRANT SERVED - I RPT,7000
38.59875634,-121.4211729,1/10/06 15:15,1901 ARDEN WAY,2,2C        ,620,10851(A)VC TAKE VEH W/O OWNER,2404
38.55155803,-121.4684935,1/10/06 15:30,35TH ST / BROADWAY,6,6A        ,1013,242 PC  BATTERY CIVILIAN,1313
38.51750189,-121.4409152,1/10/06 15:30,5451 LEMON HILL AVE,6,6B        ,1421,GANG ACTIVITY - I RPT,7000
38.49689915,-121.4828349,1/10/06 15:30,7150 24TH ST,4,4B        ,1354,487(A) PC GRAND THEFT,2303
38.63862878,-121.3815598,1/10/06 15:35,3555 AUBURN BLVD,2,2A        ,509,MISSING PERSON,7000
38.58573502,-121.4863575,1/10/06 15:41,13TH ST / D ST,3,3A        ,715,TRAFFIC-ACCIDENT INJURY,5400
38.60781149,-121.4220758,1/10/06 15:42,2311 LARAMIE LN,2,2C        ,606,TOWED/STORED VEHICLE,7000
38.63472676,-121.4478727,1/10/06 15:58,MOREY AVE / ALTOS AVE,2,2A        ,512,TOWED/STORED VEHICLE,7000
38.46791937,-121.4226974,1/10/06 16:00,6842 LINDBROOK WAY,5,5C        ,1637,459 PC  BURGLARY RESIDENCE,2204
38.49590431,-121.5235515,1/10/06 16:00,GREENHAVEN DR / FLORIN RD,4,4C        ,1275,484 PC  PETTY THEFT/ OUTSIDE,2309
38.47826995,-121.46994,1/10/06 16:00,3250 MEADOWVIEW RD,5,5A        ,1505,459 PC  BURGLARY VEHICLE,2299
38.62354293,-121.434294,1/10/06 16:05,MARYSVILLE BLVD / PALO VERDE AVE,2,2B        ,546,TOWED/STORED VEHICLE,7000
38.49311839,-121.4595052,1/10/06 16:27,MANDY DR / MEADOWGATE DR,5,5B        ,1369,11357(B)HS POSS -28.5GR MARIJ,3562
38.64518402,-121.4326726,1/10/06 16:30,1425 YOUNGS AVE,2,2A        ,239,FOUND PROPERTY - I RPT,7000
38.46956131,-121.4332115,1/10/06 16:30,7825 GRANDSTAFF DR,5,5C        ,1623,10851(A)VC TAKE VEH W/O OWNER,2404
38.46025863,-121.4184079,1/10/06 16:30,7259 ALPINE FROST DR,5,5C        ,1637,487(D)GRAND THEFT FIREARM/ANIM,2399
38.61112661,-121.4487064,1/10/06 16:36,EL CAMINO AVE / DEL PASO BLVD,2,2C        ,563,TOWED/STORED VEH-14602.6,7000
38.61936618,-121.4382088,1/10/06 16:40,ALAMOS AVE / MARYSVILLE BLVD,2,2B        ,546,TOWED/STORED VEHICLE,7000
38.60027317,-121.4252477,1/10/06 16:46,1701 ARDEN WAY,2,2C        ,619,459 PC  BURGLARY BUSINESS,2203
38.64404243,-121.4568936,1/10/06 16:50,NORWOOD AVE / JESSIE AVE,2,2A        ,233,TOWED/STORED VEH-14602.6,7000
38.63153999,-121.4367266,1/10/06 16:51,NOGALES ST / OSMER LN,2,2B        ,525,12025(A)1)CONCLD GUN VEH/FEL,5202
38.51585289,-121.4383522,1/10/06 16:52,STOCKTON BLVD / LEMON HILL AVE,6,6B        ,1401,TRAFFIC-ACCIDENT INJURY,5400
38.6059953,-121.4284911,1/10/06 17:00,2241 ROYALE RD,2,2C        ,616,10851(A)VC TAKE VEH W/O OWNER,2404
38.66144962,-121.5292529,1/10/06 17:00,3001 OTTUMWA DR,1,1A        ,123,459 PC  BURGLARY BUSINESS,2203
38.56567077,-121.4983269,1/10/06 17:00,RIVERSIDE BLVD / W ST,3,3A        ,784,TRAFFIC-ACCIDENT INJURY,5400
38.4894192,-121.5427895,1/10/06 17:00,480 LITTLE RIVER WAY,4,4C        ,1284,484 PC  PETTY THEFT/ OUTSIDE,2309
38.47587955,-121.4410698,1/10/06 17:00,50 THATCHER CIR,5,5B        ,1604,459 PC  BURGLARY VEHICLE,2299
38.64600077,-121.5132343,1/10/06 17:08,ARENA BLVD / INNOVATOR DR,1,1A        ,305,TRAFFIC-ACCIDENT INJURY,5400
38.56796664,-121.4852542,1/10/06 17:30,1814 19TH ST,3,3A        ,776,475(A)PC POSS FORGED CHK/NOTE,2506
38.53046628,-121.4433516,1/10/06 17:30,4995 STOCKTON BLVD,6,6B        ,1086,476 PC PASS FICTICIOUS CHECK,2501
38.62496247,-121.4337087,1/10/06 17:30,3173 MARYSVILLE BLVD,2,2B        ,545,NON INJ HR/MAIL OUT REPORT,7000
38.52491808,-121.4522664,1/10/06 17:30,ETHEL WAY / FRUITRIDGE RD,6,          ,1084,459 PC  BURGLARY VEHICLE,2299
38.64316291,-121.4745819,1/10/06 17:30,4100 NORTHGATE BLVD,1,1C        ,309,484 PC PETTY THEFT,2399
38.55863257,-121.3793225,1/10/06 17:30,WATT AVE / US 50 EB,3,3C        ,1106,NON INJ HR/MAIL OUT REPORT,7000
38.60027317,-121.4252477,1/10/06 17:34,1701 ARDEN WAY,2,2C        ,619,484 PETTY THEFT-SHOPLIFT,2303
38.53951607,-121.4352432,1/10/06 17:38,14TH AVE / 60TH ST,6,6B        ,1058,20001(A) VC HIT/RUN INJ/DEATH,5401
38.63253662,-121.4260658,1/10/06 17:40,1760 SOUTH AVE,2,2B        ,526,SAFEKEEPING - I RPT,7000
38.5978936,-121.4238252,1/10/06 17:44,1886 ARDEN WAY,2,2C        ,628,484 PC PETTY THEFT,2399
38.47429277,-121.4503108,1/10/06 17:46,MACK RD / FRANKLIN BLVD,5,5B        ,1603,TOWED/STORED VEH-14602.6,7000
38.65941872,-121.5096441,1/10/06 17:50,4700 NATOMAS BLVD,1,1A        ,145,666 PC PETTY THEFT W/PRI CONV,2399
38.47215453,-121.4912852,1/10/06 18:00,1993 LEFORD WAY,5,5A        ,1512,459 PC  BURGLARY RESIDENCE,2204
38.61874708,-121.4569463,1/10/06 18:00,NORWOOD AVE / LAS PALMAS AVE,2,2B        ,542,484 PC  PETTY THEFT/ OUTSIDE,2309
38.57829626,-121.482654,1/10/06 18:00,1730 I ST,3,3M        ,736,459 PC  BURGLARY VEHICLE,2299
38.49547672,-121.4718913,1/10/06 18:17,3020 FLORIN RD,5,5A        ,1365,211 PC  ROBBERY UNSPECIFIED,1299
38.50990576,-121.5302484,1/10/06 18:20,72 LAKESHORE CIR,4,4C        ,1265,459 PC  BURGLARY RESIDENCE,2204
38.66123935,-121.5295379,1/10/06 18:20,3021 OTTUMWA DR,1,1A        ,123,459 PC  BURGLARY BUSINESS,2203
